{
	"format_version": "1.8.0",
	"animations": {
		"animation.spore_thrower.spore_throw": {
			"animation_length": 1.58333,
			"bones": {
				"body": {
					"rotation": {
						"0.0": {
							"vector": [10, 0, 0]
						},
						"0.4583": {
							"vector": [-10.80524, 22.13991, -4.11405]
						},
						"0.75": {
							"vector": [-23.30524, 22.13991, -4.11405]
						},
						"1.0": {
							"vector": [13.39127, -5.67972, 7.3522]
						}
					}
				},
				"arm": {
					"rotation": {
						"0.0": {
							"vector": [-2.5, 0, 7.5]
						},
						"0.125": {
							"pre": {
								"vector": [-30, 0, 7.5]
							},
							"post": {
								"vector": [-30, 0, 7.5]
							},
							"lerp_mode": "catmullrom"
						},
						"0.2083": {
							"post": {
								"vector": [-30.27, -0.28, 6.56]
							},
							"lerp_mode": "catmullrom"
						},
						"0.2917": {
							"post": {
								"vector": [-27.17, -0.63, 5.39]
							},
							"lerp_mode": "catmullrom"
						},
						"0.4167": {
							"post": {
								"vector": [-17.5, 0, 7.5]
							},
							"lerp_mode": "catmullrom"
						},
						"0.7917": {
							"post": {
								"vector": [40.71118, 13.31977, 37.72094]
							},
							"lerp_mode": "catmullrom"
						},
						"0.875": {
							"post": {
								"vector": [40.71118, 13.31977, 37.72094]
							},
							"lerp_mode": "catmullrom"
						},
						"0.9583": {
							"post": {
								"vector": [-61.78882, 13.31977, 37.72094]
							},
							"lerp_mode": "catmullrom"
						},
						"1.0833": {
							"post": {
								"vector": [-74.28882, 13.31977, 37.72094]
							},
							"lerp_mode": "catmullrom"
						},
						"1.25": {
							"post": {
								"vector": [-74.28882, 13.31977, 37.72094]
							},
							"lerp_mode": "catmullrom"
						},
						"1.4583": {
							"vector": [-2.5, 0, 7.5]
						}
					}
				},
				"spore3": {
					"position": {
						"0.0": {
							"vector": [0, 0, 0]
						},
						"0.125": {
							"vector": [0, 0, 0]
						},
						"0.2083": {
							"vector": [0, 0, 0]
						},
						"0.25": {
							"vector": [0, 0, 0]
						},
						"0.2917": {
							"vector": [0, 0, 0]
						},
						"0.3333": {
							"vector": [0, 0, 0]
						},
						"0.4167": {
							"vector": [0, 0, 0]
						},
						"0.4583": {
							"vector": [0, 0, 0]
						},
						"0.5417": {
							"vector": [0, 0, 0]
						},
						"0.6667": {
							"vector": [0, 0, 0]
						},
						"0.7917": {
							"vector": [0, 0, 0]
						},
						"0.875": {
							"vector": [0, 0, 0]
						},
						"0.9167": {
							"vector": [0, 0, 0]
						},
						"1.0417": {
							"vector": [0, -117, 2]
						}
					}
				},
				"arm2": {
					"rotation": {
						"0.0": {
							"vector": [3.49695, -20.30623, -1.51258]
						},
						"0.1667": {
							"vector": [34.6, -19.38, -12.1]
						},
						"0.4583": {
							"vector": [43.58332, -19.37992, -12.09895]
						},
						"0.625": {
							"vector": [7.40701, -20.24417, -8.71657]
						},
						"1.0417": {
							"vector": [27.11303, -12.97551, -26.23226]
						},
						"1.5": {
							"vector": [7.09519, -19.37964, -12.09519]
						}
					}
				},
				"head": {
					"rotation": {
						"0.0": {
							"vector": [-2.5, 0, 0]
						},
						"0.4167": {
							"vector": [7.5, 0, 0]
						},
						"1.0417": {
							"vector": [-7.5, 0, 0]
						},
						"1.5": {
							"vector": [-0.04693, -0.21532, -0.82433]
						}
					}
				},
				"leg": {
					"rotation": {
						"0.75": {
							"vector": [5.67, 14.99, 2.59]
						},
						"1.0417": {
							"vector": [-14.33, 14.99, 2.59]
						},
						"1.2917": {
							"vector": [2.545, 14.99, 2.59]
						},
						"1.375": {
							"vector": [-1.83, 14.99, 2.59]
						}
					},
					"position": {
						"0.75": {
							"vector": [0, 0, 0]
						},
						"0.9583": {
							"vector": [0, 0, -4]
						},
						"1.125": {
							"vector": [0, 1, -2.4]
						},
						"1.2917": {
							"vector": [0, 0.33, -0.8]
						},
						"1.375": {
							"vector": [0, 0, 0]
						}
					},
					"scale": {
						"vector": [1, 1, 1]
					}
				},
				"leg2": {
					"position": {
						"0.9583": {
							"vector": [0, 0, 1]
						},
						"1.3333": {
							"vector": [0, 0, 2]
						},
						"1.5833": {
							"vector": [0, 0, 1]
						}
					}
				}
			}
		},
		"animation.spore_thrower.walk2": {
			"loop": true,
			"animation_length": 1.04167,
			"bones": {
				"body": {
					"rotation": {
						"0.0": {
							"vector": [12.5115, -2.4407, 1.9586]
						},
						"0.25": {
							"vector": [2.51, 0, 0]
						},
						"0.5": {
							"vector": [12.5115, 2.4407, -1.9586]
						},
						"0.75": {
							"vector": [2.51, 0, 0]
						},
						"1.0": {
							"vector": [12.5115, -2.4407, 1.9586]
						}
					},
					"position": {
						"0.0": {
							"vector": [0, 0, 0]
						},
						"0.125": {
							"vector": [0, 1, 0]
						},
						"0.25": {
							"vector": [0, 1, 0]
						},
						"0.5": {
							"vector": [0, 0, 0]
						},
						"0.625": {
							"vector": [0, 1, 0]
						},
						"0.75": {
							"vector": [0, 0, 0]
						}
					}
				},
				"arm": {
					"rotation": {
						"0.0": {
							"vector": [45, 0, 0]
						},
						"0.5": {
							"vector": [-45, 0, 0]
						},
						"1.0": {
							"vector": [45, 0, 0]
						}
					},
					"position": {
						"0.0": {
							"vector": [0, -2, 0]
						},
						"0.5": {
							"vector": [0, -1, 0]
						},
						"1.0": {
							"vector": [0, -2, 0]
						}
					}
				},
				"arm2": {
					"rotation": {
						"0.0": {
							"vector": [-45, 0, 0]
						},
						"0.5": {
							"vector": [45, 0, 0]
						},
						"1.0": {
							"vector": [-45, 0, 0]
						}
					},
					"position": {
						"0.0": {
							"vector": [0, -2, 0]
						},
						"0.5": {
							"vector": [0, -1, 0]
						},
						"1.0": {
							"vector": [0, -2, 0]
						}
					}
				},
				"ear2": {
					"rotation": {
						"0.0": {
							"vector": [0, 0, 0]
						},
						"0.2083": {
							"vector": [0, 0, -15]
						},
						"0.4583": {
							"vector": [0, 0, -15]
						},
						"0.6667": {
							"vector": [0, 0, 0]
						},
						"0.8333": {
							"vector": [0, 0, -15]
						},
						"1.0": {
							"vector": [0, 0, -15]
						}
					}
				},
				"leg": {
					"rotation": {
						"0.0": {
							"vector": [-22.5, 0, -1]
						},
						"0.125": {
							"vector": [0, 0, 0]
						},
						"0.5": {
							"vector": [22.5, 0, 0]
						},
						"1.0": {
							"vector": [-22.5, 0, 0]
						}
					},
					"position": {
						"0.0": {
							"vector": [0, 0, 0]
						},
						"0.125": {
							"vector": [0, 0, 0]
						},
						"0.25": {
							"vector": [0, 0, 0]
						},
						"0.5": {
							"vector": [0, 0, 2]
						},
						"0.75": {
							"vector": [0, 0, 1]
						},
						"1.0": {
							"vector": [0, 0, -1]
						}
					}
				},
				"leg2": {
					"rotation": {
						"0.0": {
							"vector": [22.5, 0, 0]
						},
						"0.5": {
							"vector": [-22.5, 0, 0]
						},
						"1.0": {
							"vector": [22.5, 0, 0]
						}
					},
					"position": {
						"0.0": {
							"vector": [0, 0, 2]
						},
						"0.25": {
							"vector": [0, 0, 1]
						},
						"0.5": {
							"vector": [0, 1, -1]
						},
						"0.75": {
							"vector": [0, 0, 0]
						},
						"1.0": {
							"vector": [0, 0, 2]
						}
					}
				},
				"ear": {
					"rotation": {
						"0.0": {
							"vector": [0, 0, 15]
						},
						"0.2083": {
							"vector": [0, 0, -15]
						},
						"0.4583": {
							"vector": [0, 0, 15]
						},
						"0.6667": {
							"vector": [0, 0, 0]
						},
						"0.8333": {
							"vector": [0, 0, 15]
						},
						"1.0": {
							"vector": [0, 0, 0]
						}
					}
				}
			}
		},
		"animation.spore_thrower.idle": {
			"loop": true,
			"animation_length": 3,
			"bones": {
				"body": {
					"rotation": {
						"0.0": {
							"vector": [12.5, 0, 0]
						},
						"1.0": {
							"vector": [7.5, 0, 0]
						},
						"2.0": {
							"vector": [12.5, 0, 0]
						},